first_name,last_name,email,city,Country,DOB,USERNAME,PASSWORD
Rachel,Johnson,jonesjesse@yahoo.com,São Paulo,Brazil,1998-09-25,rachel.johnson,k00BCgOV*b
Dana,Massey,jerry51@yahoo.com,Recife,Brazil,2005-03-22,dana.massey,%82wY&Jc!g
Mary,Wood,donaldsonherbert@yahoo.com,São Paulo,Brazil,1995-04-07,mary.wood,&jTUSdMc)6
Jessica,Sanchez,amysmith@jackson.net,São Paulo,Brazil,1986-10-09,jessica.sanchez,s+V6khEsBY
Julie,Griffith,mark47@james.com,Recife,Brazil,2005-04-09,julie.griffith,f63neUaU$@
Zachary,Silva,forbessarah@marks.com,Salvador,Brazil,2003-12-25,zachary.silva,0a4MjAzh+(
Micheal,Reed,harperwilliam@warner-faulkner.net,Recife,Brazil,1999-04-03,micheal.reed,$BHv+8upA6
Rhonda,Walker,ramoskimberly@gmail.com,Rio de Janeiro,Brazil,1985-11-11,rhonda.walker,)5UD69a6to
Jeffrey,Friedman,rhonda46@sanchez.com,Porto Alegre,Brazil,1986-04-22,jeffrey.friedman,!&LP@uv$*9
Kathleen,Parker,orusso@gmail.com,Rio de Janeiro,Brazil,2006-09-19,kathleen.parker,+9WhiZi6ge
Tanner,Herrera,hayspeter@yahoo.com,Salvador,Brazil,2001-02-22,tanner.herrera,%9Th3Gj9EQ
Aaron,Ross,osilva@warren-lawrence.com,Fortaleza,Brazil,1993-11-09,aaron.ross,@8WHbik7Mi
Carla,Brown,jasonrowe@gmail.com,Salvador,Brazil,2003-09-06,carla.brown,*7C3PhOv!b
Robert,Bradley,iortiz@ortiz-powell.com,São Paulo,Brazil,1998-01-22,robert.bradley,e*5*jKXlju
Kaylee,Schultz,ilee@medina.net,Recife,Brazil,1985-06-01,kaylee.schultz,%T8Pz1R8d8
Mark,Young,waltonadriana@gregory-thompson.net,Porto Alegre,Brazil,2001-06-01,mark.young,y_p98ZksAS
Kristina,Blankenship,tayloredward@floyd.com,Rio de Janeiro,Brazil,2001-07-22,kristina.blankenship,%Z5TafaqST
Francisco,Barnes,alirichard@manning-serrano.com,Curitiba,Brazil,1995-03-06,francisco.barnes,!kiI8CgV8m
Christopher,Jones,margaret67@brown-friedman.biz,Porto Alegre,Brazil,2005-07-07,christopher.jones,8qUOp9TuQ&
Alexander,Jackson,sandersmichael@hines.com,Rio de Janeiro,Brazil,2003-01-04,alexander.jackson,B5DfRPls&l
Chelsey,Jackson,francomonica@gmail.com,Rio de Janeiro,Brazil,1985-07-11,chelsey.jackson,^vWcvb#523
Karen,Shaw,stevenwalls@cruz.com,Curitiba,Brazil,1995-05-04,karen.shaw,bd#H1Qm_c_
Randy,Ryan,iroman@gmail.com,Curitiba,Brazil,1994-12-30,randy.ryan,$#z@HPFIv3
Peter,Davis,larrycherry@hotmail.com,Curitiba,Brazil,1992-01-21,peter.davis,%)6zrY6zO6
Emily,Pearson,hubbardkathy@olsen.biz,São Paulo,Brazil,2006-01-10,emily.pearson,!B3oxFkhWH
Cheryl,Bailey,jonesbrandi@hotmail.com,Curitiba,Brazil,2004-03-23,cheryl.bailey,)1kYe*6%iV
Lisa,Lee,eugenemartin@gmail.com,Rio de Janeiro,Brazil,1989-08-11,lisa.lee,^Fz55Pncf%
Calvin,Baker,steve95@smith-gray.com,Fortaleza,Brazil,2007-03-19,calvin.baker,K&ta10YchV
Kristi,Vasquez,austinharrison@gonzalez-potter.net,Salvador,Brazil,1986-06-06,kristi.vasquez,7$56Dob0*F
Michael,Fernandez,jessicajohnston@owens-logan.com,Curitiba,Brazil,2005-10-26,michael.fernandez,b9ET6hB@(0
Wendy,Gonzalez,ramirezashley@gmail.com,Salvador,Brazil,2006-04-16,wendy.gonzalez,&7BCyCAtvy
Margaret,Nelson,qmorrow@davis.biz,Salvador,Brazil,2005-02-15,margaret.nelson,Q402Z+sO2%
Melissa,Powell,holly49@parker-marshall.biz,Porto Alegre,Brazil,1985-05-19,melissa.powell,3x4tPtAd(R
Christopher,Phillips,terrimcdonald@schultz-price.com,Recife,Brazil,2006-12-24,christopher.phillips,(bz4Styy7c
Justin,Lewis,ramirezcolin@yahoo.com,Fortaleza,Brazil,1988-07-29,justin.lewis,@r#MIGl05Z
Jennifer,Beck,troymiller@hotmail.com,Curitiba,Brazil,1994-10-12,jennifer.beck,NHT*8Mpi%0
Adam,Oliver,robert44@lawrence-davis.com,Recife,Brazil,1985-08-20,adam.oliver,8tqWx%SH^#
Curtis,Thomas,marciacarson@yahoo.com,Salvador,Brazil,2001-01-23,curtis.thomas,%FGm1yBbE1
Ryan,Scott,orobinson@hotmail.com,Salvador,Brazil,2004-07-22,ryan.scott,@dKEy9m5g6
Edward,Roberts,kruiz@gmail.com,Rio de Janeiro,Brazil,1999-04-13,edward.roberts,)(61BV)f4^
Paul,Clark,michael96@rogers-sanders.com,Porto Alegre,Brazil,1991-02-15,paul.clark,G#77JEq1aG
Andrew,Moss,kerriweeks@watson.info,São Paulo,Brazil,1995-01-08,andrew.moss,%83TNvpkmL
Wanda,Joseph,tina23@hotmail.com,Curitiba,Brazil,1995-09-25,wanda.joseph,X^D6QFtqlj
Michael,Fuller,jasonyork@anderson.com,Brasília,Brazil,2004-05-29,michael.fuller,+6Hl0mAj$W
Matthew,Cohen,crystal59@yahoo.com,Salvador,Brazil,1991-09-29,matthew.cohen,*$y9OUrK8g
Kyle,Carpenter,colecrystal@yahoo.com,Rio de Janeiro,Brazil,2004-10-07,kyle.carpenter,R^1qxEl9%L
Susan,Schneider,danielsjohn@yahoo.com,Recife,Brazil,1996-01-16,susan.schneider,q_4RoRbeip
James,West,lesliecampbell@contreras.com,Salvador,Brazil,1997-09-26,james.west,#1EppqRnMN
Justin,Peterson,angeladavis@yahoo.com,Recife,Brazil,2006-11-16,justin.peterson,+jwoMJEy57
Bradley,Caldwell,amanda89@crosby.com,Brasília,Brazil,1986-12-25,bradley.caldwell,fF&0FbJl9n
